station_id,date,turbidity_ntu,feature_set,best_method,prediction
station-1,2024-05-01,9.262709949266304,in_situ_only,ridge,12.590448304170856
station-1,2024-05-02,17.14560440142714,in_situ_only,ridge,11.384618923794406
station-1,2024-05-03,4.151040550155801,in_situ_only,ridge,12.23750042733478
station-1,2024-05-04,20.78209284378296,in_situ_only,ridge,12.05563358750619
station-1,2024-05-05,13.341685977636939,in_situ_only,ridge,12.145077129145594
station-1,2024-05-06,20.38382385106992,in_situ_only,ridge,14.264280822689699
station-1,2024-05-07,12.422415636233668,in_situ_only,ridge,11.565828659644527
station-1,2024-05-08,16.356923078271965,in_situ_only,ridge,11.142361470369295
station-1,2024-05-09,22.430174550497917,in_situ_only,ridge,15.751299130001943
station-1,2024-05-10,16.703423478917724,in_situ_only,ridge,11.992956117881725
station-1,2024-05-11,14.87326884158806,in_situ_only,ridge,11.144197987573477
station-1,2024-05-12,18.4198646556566,in_situ_only,ridge,11.484674924122267
station-1,2024-05-13,11.003752896940686,in_situ_only,ridge,12.628832439800906
station-1,2024-05-14,25.033829258011952,in_situ_only,ridge,11.600155627283826
station-1,2024-05-15,16.829529337461086,in_situ_only,ridge,11.601894996565498
station-1,2024-05-16,23.470324139363985,in_situ_only,ridge,15.250417947601441
station-1,2024-05-17,18.056882272612803,in_situ_only,ridge,11.776322364619165
station-1,2024-05-18,18.0504370130455,in_situ_only,ridge,11.434391753447606
station-1,2024-05-19,21.101152059697053,in_situ_only,ridge,15.496014616567326
station-1,2024-05-20,17.64220605170933,in_situ_only,ridge,11.06785141358242
station-1,2024-05-21,16.61139652979554,in_situ_only,ridge,12.689088950008756
station-1,2024-05-22,18.234771044924944,in_situ_only,ridge,11.546175629925006
station-1,2024-05-23,24.050009998428155,in_situ_only,ridge,20.458321136595803
station-1,2024-05-24,19.121643874914692,in_situ_only,ridge,11.74964901318613
station-1,2024-05-25,21.80624708717096,in_situ_only,ridge,14.316894732799199
station-1,2024-05-26,16.889970174831287,in_situ_only,ridge,11.0727033960533
station-1,2024-05-27,25.73861228885357,in_situ_only,ridge,15.413740146707557
station-1,2024-05-28,16.369537449728835,in_situ_only,ridge,11.183263622969633
station-1,2024-05-29,20.513789534464557,in_situ_only,ridge,10.288553904343097
station-1,2024-05-30,15.830623652503599,in_situ_only,ridge,10.897649724748497
station-1,2024-05-31,17.079031484285437,in_situ_only,ridge,12.216718187647302
station-1,2024-06-01,15.034514063516617,in_situ_only,ridge,10.693621169401894
station-1,2024-06-02,7.521901762932812,in_situ_only,ridge,11.018332432254926
station-1,2024-06-03,15.267037999796488,in_situ_only,ridge,10.10572258361033
station-1,2024-06-04,12.469712377819679,in_situ_only,ridge,10.382969718739247
station-1,2024-06-05,18.613744653337456,in_situ_only,ridge,14.046104521385004
station-1,2024-06-06,13.107450826968755,in_situ_only,ridge,15.74833691379349
station-1,2024-06-07,17.750013153553358,in_situ_only,ridge,11.063827744064888
station-1,2024-06-08,17.220735901591105,in_situ_only,ridge,14.380015916060561
station-1,2024-06-09,9.208731615167116,in_situ_only,ridge,11.804381079967243
station-1,2024-06-10,7.5719631688892965,in_situ_only,ridge,11.17156504919532
station-1,2024-06-11,8.427233815653993,in_situ_only,ridge,10.069722354405023
station-1,2024-06-12,17.72108803623079,in_situ_only,ridge,16.37587268919789
station-1,2024-06-13,11.830009608917479,in_situ_only,ridge,10.201351249639849
station-1,2024-06-14,8.942281023508222,in_situ_only,ridge,16.113838690857065
station-1,2024-06-15,12.983670334224106,in_situ_only,ridge,10.27384577974847
station-1,2024-06-16,13.787327008986738,in_situ_only,ridge,21.95420160075478
station-1,2024-06-17,4.877516845106596,in_situ_only,ridge,10.402047731502257
station-1,2024-06-18,4.780180667255417,in_situ_only,ridge,9.157558334003095
station-1,2024-06-19,7.787254141379215,in_situ_only,ridge,10.088450538070656
station-1,2024-06-20,5.896779160013361,in_situ_only,ridge,10.622140110270053
station-1,2024-06-21,13.09493157759784,in_situ_only,ridge,10.015976899376689
station-1,2024-06-22,23.786911066614078,in_situ_only,ridge,23.374327968700758
station-1,2024-06-23,1.3146887219013903,in_situ_only,ridge,8.388334811393886
station-1,2024-06-24,4.530469864682162,in_situ_only,ridge,9.418313042242985
station-1,2024-06-25,6.6793859388937955,in_situ_only,ridge,8.730678085134052
station-1,2024-06-26,7.78022588245328,in_situ_only,ridge,8.839273244525458
station-1,2024-06-27,3.8720543305170505,in_situ_only,ridge,9.275116921192293
station-1,2024-06-28,15.589953153088373,in_situ_only,ridge,8.87602342813042
station-2,2024-05-01,15.40944320797562,in_situ_only,ridge,16.392518145663775
station-2,2024-05-02,25.1477965519034,in_situ_only,ridge,19.881986474714957
station-2,2024-05-03,48.70162660600713,in_situ_only,ridge,42.489297897193566
station-2,2024-05-04,18.395524567321008,in_situ_only,ridge,18.03267280427272
station-2,2024-05-05,21.49753001220353,in_situ_only,ridge,15.570505099686322
station-2,2024-05-06,17.44811500705503,in_situ_only,ridge,15.635301137642966
station-2,2024-05-07,27.85325546549825,in_situ_only,ridge,24.478159877896722
station-2,2024-05-08,20.50348338926955,in_situ_only,ridge,15.912443586976334
station-2,2024-05-09,26.290601236435343,in_situ_only,ridge,16.036446101122486
station-2,2024-05-10,17.728500042471538,in_situ_only,ridge,18.444402700050812
station-2,2024-05-11,20.38766593966379,in_situ_only,ridge,15.604627911022256
station-2,2024-05-12,20.71166485054097,in_situ_only,ridge,16.59904194012325
station-2,2024-05-13,18.745928004055397,in_situ_only,ridge,16.368610284094768
station-2,2024-05-14,26.22212183184044,in_situ_only,ridge,19.079416308352936
station-2,2024-05-15,21.531843654215816,in_situ_only,ridge,15.149307730893938
station-2,2024-05-16,29.333758771492622,in_situ_only,ridge,21.05452701897392
station-2,2024-05-17,26.072658634160806,in_situ_only,ridge,14.472569334750137
station-2,2024-05-18,25.42725021121072,in_situ_only,ridge,20.909750994776868
station-2,2024-05-19,23.876226725601395,in_situ_only,ridge,15.2310155916587
station-2,2024-05-20,21.158397911136404,in_situ_only,ridge,14.484647711499438
station-2,2024-05-21,19.68162196880706,in_situ_only,ridge,15.569716863209806
station-2,2024-05-22,26.316015135817967,in_situ_only,ridge,15.437087226751046
station-2,2024-05-23,32.41407216557656,in_situ_only,ridge,21.822589958092117
station-2,2024-05-24,22.407396538316785,in_situ_only,ridge,13.738772500893838
station-2,2024-05-25,26.661462414598127,in_situ_only,ridge,14.97690356422267
station-2,2024-05-26,20.2150296959467,in_situ_only,ridge,14.398867617679599
station-2,2024-05-27,19.94608752045856,in_situ_only,ridge,17.93684800209236
station-2,2024-05-28,19.983269044373664,in_situ_only,ridge,14.735550909581487
station-2,2024-05-29,22.72642183691951,in_situ_only,ridge,22.060769014068633
station-2,2024-05-30,19.055773259074837,in_situ_only,ridge,15.190976897773428
station-2,2024-05-31,11.020432457565958,in_situ_only,ridge,12.886207759824472
station-2,2024-06-01,18.842359471820988,in_situ_only,ridge,14.490165867899421
station-2,2024-06-02,17.831605106454592,in_situ_only,ridge,14.892347362999608
station-2,2024-06-03,8.295981739367104,in_situ_only,ridge,15.213955519116102
station-2,2024-06-04,16.336610128294588,in_situ_only,ridge,14.269058632441336
station-2,2024-06-05,24.01951338750446,in_situ_only,ridge,25.004529403666425
station-2,2024-06-06,10.601844870323355,in_situ_only,ridge,13.728810772779013
station-2,2024-06-07,14.146879390745712,in_situ_only,ridge,13.681928937339247
station-2,2024-06-08,18.581708119729146,in_situ_only,ridge,18.954966621135313
station-2,2024-06-09,15.455869937282111,in_situ_only,ridge,13.506472735524383
station-2,2024-06-10,9.124258696898915,in_situ_only,ridge,13.471655428945084
station-2,2024-06-11,9.975343944211076,in_situ_only,ridge,13.385192844639867
station-2,2024-06-12,5.2514326939882325,in_situ_only,ridge,13.878529764618936
station-2,2024-06-13,20.505588943427384,in_situ_only,ridge,13.823863233078551
station-2,2024-06-14,9.278757009199758,in_situ_only,ridge,12.643683056437762
station-2,2024-06-15,8.367038144195098,in_situ_only,ridge,13.45623607962915
station-2,2024-06-16,22.930941659529022,in_situ_only,ridge,21.553637006458843
station-2,2024-06-17,11.388242338199873,in_situ_only,ridge,13.806776122567918
station-2,2024-06-18,5.969141735824281,in_situ_only,ridge,13.326429769579427
station-2,2024-06-19,20.648455071832057,in_situ_only,ridge,21.298332468924663
station-2,2024-06-20,4.936861509018372,in_situ_only,ridge,12.742597840466978
station-2,2024-06-21,16.647182689862763,in_situ_only,ridge,19.932232349059475
station-2,2024-06-22,6.874245481813563,in_situ_only,ridge,12.639153574745855
station-2,2024-06-23,9.489353779204722,in_situ_only,ridge,12.414318437367282
station-2,2024-06-24,12.476312679893773,in_situ_only,ridge,12.15847930142851
station-2,2024-06-25,4.668589389843104,in_situ_only,ridge,13.348199180871791
station-2,2024-06-26,10.6475678437186,in_situ_only,ridge,13.052859467506835
station-2,2024-06-27,7.857306193038536,in_situ_only,ridge,12.226234211003678
station-2,2024-06-28,9.51668030708381,in_situ_only,ridge,13.184282907239847
station-3,2024-05-01,24.62022772737034,in_situ_only,ridge,19.931519019854235
station-3,2024-05-02,21.24388150678914,in_situ_only,ridge,22.57913012348412
station-3,2024-05-03,23.58196593591777,in_situ_only,ridge,19.878032346185037
station-3,2024-05-04,24.372118187469255,in_situ_only,ridge,19.169780330928667
station-3,2024-05-05,25.431790220902396,in_situ_only,ridge,20.05010943633299
station-3,2024-05-06,21.21180945152298,in_situ_only,ridge,18.53688958383887
station-3,2024-05-07,23.26882710249795,in_situ_only,ridge,19.620429677422027
station-3,2024-05-08,22.08660795025316,in_situ_only,ridge,17.996749277167748
station-3,2024-05-09,28.69048164697127,in_situ_only,ridge,24.394152668214723
station-3,2024-05-10,25.985877482395274,in_situ_only,ridge,19.542906587538564
station-3,2024-05-11,25.225597481853097,in_situ_only,ridge,19.17997593971159
station-3,2024-05-12,20.64086801193225,in_situ_only,ridge,19.130848257622866
station-3,2024-05-13,26.993333591176075,in_situ_only,ridge,18.920403639645443
station-3,2024-05-14,23.641825678509992,in_situ_only,ridge,21.59134694058484
station-3,2024-05-15,28.145417304272694,in_situ_only,ridge,22.743767266111057
station-3,2024-05-16,23.265546873641544,in_situ_only,ridge,18.950969217041298
station-3,2024-05-17,27.594915262100542,in_situ_only,ridge,21.163397005232806
station-3,2024-05-18,20.489998339749718,in_situ_only,ridge,19.275337446249964
station-3,2024-05-19,39.626105631951994,in_situ_only,ridge,29.652653860773604
station-3,2024-05-20,31.90939372455626,in_situ_only,ridge,29.21173826148243
station-3,2024-05-21,32.43889855774645,in_situ_only,ridge,21.69176046541129
station-3,2024-05-22,20.05363701443941,in_situ_only,ridge,18.369070745998087
station-3,2024-05-23,21.474293243695463,in_situ_only,ridge,17.689887875923432
station-3,2024-05-24,23.818577887881805,in_situ_only,ridge,21.684625218646772
station-3,2024-05-25,23.791206881895423,in_situ_only,ridge,18.91855100409839
station-3,2024-05-26,26.18637594231604,in_situ_only,ridge,17.932245235273484
station-3,2024-05-27,28.6092418678804,in_situ_only,ridge,18.652651571650416
station-3,2024-05-28,20.275294950232414,in_situ_only,ridge,18.74654451534984
station-3,2024-05-29,27.829731923382557,in_situ_only,ridge,24.825645944728326
station-3,2024-05-30,25.434584065269853,in_situ_only,ridge,18.531868787176077
station-3,2024-05-31,22.961419888603753,in_situ_only,ridge,17.034056374810348
station-3,2024-06-01,27.809311101544417,in_situ_only,ridge,21.21927379459202
station-3,2024-06-02,19.83972609239387,in_situ_only,ridge,18.18575444417884
station-3,2024-06-03,21.527141336217316,in_situ_only,ridge,16.69281920224371
station-3,2024-06-04,18.668407867165026,in_situ_only,ridge,17.9352930502111
station-3,2024-06-05,20.60108389605624,in_situ_only,ridge,16.954992131304373
station-3,2024-06-06,17.696015653428148,in_situ_only,ridge,17.274056576244718
station-3,2024-06-07,13.857842291041624,in_situ_only,ridge,20.257909059603374
station-3,2024-06-08,14.680059061848462,in_situ_only,ridge,17.668912935611626
station-3,2024-06-09,14.095620461894963,in_situ_only,ridge,17.231733766639596
station-3,2024-06-10,21.87843068841782,in_situ_only,ridge,17.467080769546676
station-3,2024-06-11,16.42548097656503,in_situ_only,ridge,17.709400047866747
station-3,2024-06-12,17.25889951529351,in_situ_only,ridge,17.22852589888702
station-3,2024-06-13,23.313143663938583,in_situ_only,ridge,24.239148743187428
station-3,2024-06-14,12.276955270916664,in_situ_only,ridge,17.812161050949076
station-3,2024-06-15,14.511792289920251,in_situ_only,ridge,17.965779295770965
station-3,2024-06-16,20.0888596734959,in_situ_only,ridge,22.63889914142805
station-3,2024-06-17,14.49234378083436,in_situ_only,ridge,17.29638109742894
station-3,2024-06-18,30.617644469325185,in_situ_only,ridge,32.55499096645998
station-3,2024-06-19,20.09559332164797,in_situ_only,ridge,16.46393420831962
station-3,2024-06-20,19.27532376515122,in_situ_only,ridge,17.14250115188884
station-3,2024-06-21,28.97983985310292,in_situ_only,ridge,33.74840337585177
station-3,2024-06-22,10.885678448991563,in_situ_only,ridge,17.1277162358526
station-3,2024-06-23,12.174763475481809,in_situ_only,ridge,16.807151774750483
station-3,2024-06-24,12.111276125078748,in_situ_only,ridge,15.89196089465387
station-3,2024-06-25,9.799301514055191,in_situ_only,ridge,15.824214319568565
station-3,2024-06-26,36.48654793569342,in_situ_only,ridge,39.303020713009765
station-3,2024-06-27,8.129811404983203,in_situ_only,ridge,15.76850345877249
station-3,2024-06-28,13.984355401517126,in_situ_only,ridge,15.990105454618455
station-4,2024-05-01,27.60341028525101,in_situ_only,ridge,22.07602170102957
station-4,2024-05-02,30.95858739605222,in_situ_only,ridge,22.695262242437902
station-4,2024-05-03,26.502768207155583,in_situ_only,ridge,24.233100852488278
station-4,2024-05-04,23.250581098763988,in_situ_only,ridge,22.02074259840777
station-4,2024-05-05,24.587631852576468,in_situ_only,ridge,22.91722493447378
station-4,2024-05-06,31.45486956398574,in_situ_only,ridge,23.130072563913643
station-4,2024-05-07,31.70748633963936,in_situ_only,ridge,26.377131366280963
station-4,2024-05-08,34.875469528548585,in_situ_only,ridge,36.126732834979016
station-4,2024-05-09,27.215905779927255,in_situ_only,ridge,22.989817320545484
station-4,2024-05-10,30.105974108003842,in_situ_only,ridge,26.621085310580348
station-4,2024-05-11,24.388716679756346,in_situ_only,ridge,22.311504616259207
station-4,2024-05-12,26.364866521777856,in_situ_only,ridge,22.19875314492616
station-4,2024-05-13,26.2925691316482,in_situ_only,ridge,22.156230518972723
station-4,2024-05-14,31.522334570728916,in_situ_only,ridge,21.980410197228654
station-4,2024-05-15,34.119201269823165,in_situ_only,ridge,25.84735700962729
station-4,2024-05-16,24.81160123412396,in_situ_only,ridge,20.8447033587506
station-4,2024-05-17,33.23072902002468,in_situ_only,ridge,22.104406589255493
station-4,2024-05-18,32.134489388647914,in_situ_only,ridge,21.769504239594976
station-4,2024-05-19,20.951762825990944,in_situ_only,ridge,21.347151857306624
station-4,2024-05-20,29.032960651448395,in_situ_only,ridge,22.309280478368663
station-4,2024-05-21,31.41050154180279,in_situ_only,ridge,21.325554069312588
station-4,2024-05-22,27.2282986622995,in_situ_only,ridge,22.10480123715552
station-4,2024-05-23,26.16064264427073,in_situ_only,ridge,21.57592845686187
station-4,2024-05-24,32.0866488015461,in_situ_only,ridge,21.660574998049274
station-4,2024-05-25,21.56614004526292,in_situ_only,ridge,20.579809900297978
station-4,2024-05-26,29.947725414540685,in_situ_only,ridge,21.41855052297227
station-4,2024-05-27,33.703414494124544,in_situ_only,ridge,29.33923041684726
station-4,2024-05-28,25.23595419692755,in_situ_only,ridge,21.261528509413502
station-4,2024-05-29,30.637289265025352,in_situ_only,ridge,24.99230206238602
station-4,2024-05-30,31.003099630065023,in_situ_only,ridge,26.034760566729027
station-4,2024-05-31,48.21508343850458,in_situ_only,ridge,41.3436340764125
station-4,2024-06-01,20.830749513443212,in_situ_only,ridge,21.02535322509436
station-4,2024-06-02,25.74928081786181,in_situ_only,ridge,20.3659197643875
station-4,2024-06-03,35.493291323248336,in_situ_only,ridge,29.47373237917851
station-4,2024-06-04,25.452932157164177,in_situ_only,ridge,20.853382505766223
station-4,2024-06-05,30.84290393662567,in_situ_only,ridge,28.981569735767646
station-4,2024-06-06,28.85872429427067,in_situ_only,ridge,20.704119841186014
station-4,2024-06-07,28.064368486587615,in_situ_only,ridge,20.04256336426227
station-4,2024-06-08,19.020671729610957,in_situ_only,ridge,21.45675468609883
station-4,2024-06-09,38.42894192001227,in_situ_only,ridge,42.209768108794755
station-4,2024-06-10,16.478122684716,in_situ_only,ridge,19.84498662709131
station-4,2024-06-11,22.104549770703958,in_situ_only,ridge,20.539131541378733
station-4,2024-06-12,16.617074947572608,in_situ_only,ridge,20.54861827178201
station-4,2024-06-13,13.513932494123026,in_situ_only,ridge,20.73101773574006
station-4,2024-06-14,21.344435050985872,in_situ_only,ridge,19.31056857573859
station-4,2024-06-15,16.47046725299483,in_situ_only,ridge,20.607080392895032
station-4,2024-06-16,11.477114805144334,in_situ_only,ridge,21.279025676004
station-4,2024-06-17,16.801903943942673,in_situ_only,ridge,19.83087811039137
station-4,2024-06-18,17.292780617442812,in_situ_only,ridge,19.567380593792283
station-4,2024-06-19,31.49168417278309,in_situ_only,ridge,29.125726577915238
station-4,2024-06-20,17.4731143736753,in_situ_only,ridge,19.80008257134867
station-4,2024-06-21,19.000413032658578,in_situ_only,ridge,19.338229576381863
station-4,2024-06-22,15.408316731700166,in_situ_only,ridge,20.59106633133609
station-4,2024-06-23,23.74538791621768,in_situ_only,ridge,22.38166877086692
station-4,2024-06-24,27.901107098382333,in_situ_only,ridge,30.594826143492774
station-4,2024-06-25,21.40267254567589,in_situ_only,ridge,20.154546023598446
station-4,2024-06-26,13.60863484650034,in_situ_only,ridge,19.780142800168683
station-4,2024-06-27,21.235558911603302,in_situ_only,ridge,24.072075725557713
station-4,2024-06-28,27.525777459685397,in_situ_only,ridge,20.562073741693798
station-5,2024-05-01,30.1791138600378,in_situ_only,ridge,25.90005208970993
station-5,2024-05-02,34.14476658589151,in_situ_only,ridge,34.85089291232106
station-5,2024-05-03,30.120455199233557,in_situ_only,ridge,25.71280648130255
station-5,2024-05-04,32.342635056859464,in_situ_only,ridge,29.13786191902441
station-5,2024-05-05,37.57681967689372,in_situ_only,ridge,27.45969345144077
station-5,2024-05-06,30.53007457464678,in_situ_only,ridge,25.208301525286124
station-5,2024-05-07,31.847971644783385,in_situ_only,ridge,30.838879577731515
station-5,2024-05-08,25.54255138971623,in_situ_only,ridge,25.202470275238298
station-5,2024-05-09,30.4015024973807,in_situ_only,ridge,24.426295470042824
station-5,2024-05-10,29.903712475671735,in_situ_only,ridge,24.9482536396999
station-5,2024-05-11,22.103446538659814,in_situ_only,ridge,25.317167353896153
station-5,2024-05-12,35.30116332425829,in_situ_only,ridge,27.71666548613603
station-5,2024-05-13,32.25511183474325,in_situ_only,ridge,27.756679138372405
station-5,2024-05-14,29.469374659144872,in_situ_only,ridge,24.735372281797197
station-5,2024-05-15,29.502409823413487,in_situ_only,ridge,26.76509401737472
station-5,2024-05-16,32.06345113184187,in_situ_only,ridge,27.52117029720437
station-5,2024-05-17,32.07480046642017,in_situ_only,ridge,31.432409742559706
station-5,2024-05-18,32.389476845159635,in_situ_only,ridge,24.16851510890642
station-5,2024-05-19,42.174316626630905,in_situ_only,ridge,36.219789195688406
station-5,2024-05-20,37.09314647005851,in_situ_only,ridge,24.97725229261453
station-5,2024-05-21,34.3098091818013,in_situ_only,ridge,24.800588518253285
station-5,2024-05-22,27.153943263950634,in_situ_only,ridge,24.767871772438347
station-5,2024-05-23,34.69245427902117,in_situ_only,ridge,24.073263397936223
station-5,2024-05-24,31.36533517730455,in_situ_only,ridge,24.51409877071535
station-5,2024-05-25,26.76218762289202,in_situ_only,ridge,23.781603063026047
station-5,2024-05-26,25.27737541076798,in_situ_only,ridge,24.956747237353945
station-5,2024-05-27,35.187565506553916,in_situ_only,ridge,25.78018342386779
station-5,2024-05-28,33.08785241088588,in_situ_only,ridge,23.659533123223085
station-5,2024-05-29,29.2077499919183,in_situ_only,ridge,24.98106079931101
station-5,2024-05-30,26.496309804528668,in_situ_only,ridge,24.91856697021384
station-5,2024-05-31,27.766658994551577,in_situ_only,ridge,24.96029144315373
station-5,2024-06-01,33.82392414323331,in_situ_only,ridge,34.72809074750225
station-5,2024-06-02,27.86715140030778,in_situ_only,ridge,23.558023911978864
station-5,2024-06-03,21.948402696532618,in_situ_only,ridge,24.158815123005972
station-5,2024-06-04,30.87417963666101,in_situ_only,ridge,30.879573086714792
station-5,2024-06-05,22.58623480471623,in_situ_only,ridge,24.83327248316725
station-5,2024-06-06,25.805006558088557,in_situ_only,ridge,24.008006770019882
station-5,2024-06-07,36.5586573563566,in_situ_only,ridge,35.10871961362371
station-5,2024-06-08,20.77777231057474,in_situ_only,ridge,23.92055101320272
station-5,2024-06-09,24.91213602304886,in_situ_only,ridge,24.700450178964772
station-5,2024-06-10,26.0965647075012,in_situ_only,ridge,23.81313474578039
station-5,2024-06-11,29.818520465167026,in_situ_only,ridge,24.21581933984961
station-5,2024-06-12,20.17593292263499,in_situ_only,ridge,23.603757165390185
station-5,2024-06-13,31.777208179593533,in_situ_only,ridge,29.47176881222794
station-5,2024-06-14,24.613445011517868,in_situ_only,ridge,23.25258182864431
station-5,2024-06-15,25.650463466373907,in_situ_only,ridge,24.07189155807957
station-5,2024-06-16,25.89152277172611,in_situ_only,ridge,22.600030571971416
station-5,2024-06-17,23.91654417753614,in_situ_only,ridge,23.42553481210416
station-5,2024-06-18,19.447097959351844,in_situ_only,ridge,23.861211990970943
station-5,2024-06-19,18.267367655528204,in_situ_only,ridge,23.66785522384651
station-5,2024-06-20,20.411686472958994,in_situ_only,ridge,24.0525438184805
station-5,2024-06-21,23.87201304468701,in_situ_only,ridge,24.067933847110595
station-5,2024-06-22,18.301605773939748,in_situ_only,ridge,24.413609598815874
station-5,2024-06-23,26.379448823616126,in_situ_only,ridge,24.25325440019251
station-5,2024-06-24,29.954572030750562,in_situ_only,ridge,32.90680377583049
station-5,2024-06-25,18.124351267698664,in_situ_only,ridge,23.72518650412139
station-5,2024-06-26,28.635185890041,in_situ_only,ridge,24.395341319633452
station-5,2024-06-27,18.692067026135458,in_situ_only,ridge,23.786791434348828
station-5,2024-06-28,21.661620027000325,in_situ_only,ridge,27.58696841736655
station-6,2024-05-01,34.058553750071844,in_situ_only,ridge,29.79408886124576
station-6,2024-05-02,41.230370279807964,in_situ_only,ridge,33.81319816774152
station-6,2024-05-03,34.52067484833439,in_situ_only,ridge,32.4487675155454
station-6,2024-05-04,48.35411583463442,in_situ_only,ridge,41.6971212308707
station-6,2024-05-05,33.312742461213716,in_situ_only,ridge,28.367932579385563
station-6,2024-05-06,31.87446635977451,in_situ_only,ridge,29.808002002867447
station-6,2024-05-07,35.23743537508392,in_situ_only,ridge,27.98348239196859
station-6,2024-05-08,36.631394442128176,in_situ_only,ridge,28.128104767911516
station-6,2024-05-09,30.79577284456199,in_situ_only,ridge,27.89165037651734
station-6,2024-05-10,34.291295857073415,in_situ_only,ridge,29.789284815679963
station-6,2024-05-11,33.897948575536105,in_situ_only,ridge,29.111610627098816
station-6,2024-05-12,38.274052497471914,in_situ_only,ridge,28.601000625268902
station-6,2024-05-13,40.3691632005242,in_situ_only,ridge,33.4406769134142
station-6,2024-05-14,49.30619976950527,in_situ_only,ridge,47.467732446359896
station-6,2024-05-15,41.76603541751052,in_situ_only,ridge,29.09226411877808
station-6,2024-05-16,35.9409806452407,in_situ_only,ridge,29.103424211659696
station-6,2024-05-17,37.54653807322373,in_situ_only,ridge,30.349062387657963
station-6,2024-05-18,35.12809327240775,in_situ_only,ridge,32.73648599504551
station-6,2024-05-19,38.68258126709606,in_situ_only,ridge,28.589355290726136
station-6,2024-05-20,40.53571929100112,in_situ_only,ridge,27.39154781571349
station-6,2024-05-21,37.024215876904606,in_situ_only,ridge,33.18337980682722
station-6,2024-05-22,48.79963117334607,in_situ_only,ridge,42.616960399197424
station-6,2024-05-23,38.620804674399494,in_situ_only,ridge,36.56948159118299
station-6,2024-05-24,39.66637155541925,in_situ_only,ridge,28.474640604440065
station-6,2024-05-25,32.603663645321376,in_situ_only,ridge,26.95023994481073
station-6,2024-05-26,42.41446456709032,in_situ_only,ridge,35.43768095398792
station-6,2024-05-27,32.75956263180774,in_situ_only,ridge,26.91283741527619
station-6,2024-05-28,38.711849094433184,in_situ_only,ridge,33.63691950954971
station-6,2024-05-29,31.927491829355933,in_situ_only,ridge,27.827785435569822
station-6,2024-05-30,24.02202083539583,in_situ_only,ridge,29.034730616399987
station-6,2024-05-31,29.642885830274224,in_situ_only,ridge,27.992168509206284
station-6,2024-06-01,31.342257331989707,in_situ_only,ridge,27.255135246165107
station-6,2024-06-02,27.161990798100724,in_situ_only,ridge,28.828643287619748
station-6,2024-06-03,34.6298990164144,in_situ_only,ridge,29.16612128552708
station-6,2024-06-04,33.814142250160806,in_situ_only,ridge,33.80363509010533
station-6,2024-06-05,31.457085221496467,in_situ_only,ridge,27.767589587375912
station-6,2024-06-06,41.796472970276255,in_situ_only,ridge,32.85024827841124
station-6,2024-06-07,41.456775426372516,in_situ_only,ridge,43.15804521096923
station-6,2024-06-08,36.04260107754721,in_situ_only,ridge,31.6409453189728
station-6,2024-06-09,26.603798213615605,in_situ_only,ridge,27.801946970566284
station-6,2024-06-10,31.043817727600267,in_situ_only,ridge,28.95382549990939
station-6,2024-06-11,25.852580869858027,in_situ_only,ridge,28.45892662583403
station-6,2024-06-12,36.649000723396426,in_situ_only,ridge,38.80278054704258
station-6,2024-06-13,37.89570367619049,in_situ_only,ridge,36.845978185500115
station-6,2024-06-14,27.03658903970653,in_situ_only,ridge,28.656913908983267
station-6,2024-06-15,30.19341197724851,in_situ_only,ridge,31.278354896155694
station-6,2024-06-16,26.894298125151835,in_situ_only,ridge,29.811281470256088
station-6,2024-06-17,21.31533439843601,in_situ_only,ridge,28.28533589299745
station-6,2024-06-18,25.19314257729431,in_situ_only,ridge,28.455383175434587
station-6,2024-06-19,30.23239940273947,in_situ_only,ridge,38.28120182383248
station-6,2024-06-20,28.85221452516712,in_situ_only,ridge,28.20091561021353
station-6,2024-06-21,23.72031512512497,in_situ_only,ridge,27.922933143423926
station-6,2024-06-22,28.36357187638192,in_situ_only,ridge,28.451214915413193
station-6,2024-06-23,23.282478923702623,in_situ_only,ridge,28.302825471017677
station-6,2024-06-24,23.715210025895377,in_situ_only,ridge,29.032940194357746
station-6,2024-06-25,27.680990527314965,in_situ_only,ridge,29.508548484524617
station-6,2024-06-26,27.824981441246525,in_situ_only,ridge,28.202235945050997
station-6,2024-06-27,27.957329596753684,in_situ_only,ridge,32.524613884802974
station-6,2024-06-28,32.709200200780586,in_situ_only,ridge,28.689525388172
station-1,2024-05-02,17.14560440142714,rs_indices_only,ridge,14.897023973016324
station-1,2024-05-03,4.151040550155801,rs_indices_only,ridge,15.331568062982086
station-1,2024-05-04,20.78209284378296,rs_indices_only,ridge,15.766112152947848
station-1,2024-05-05,13.341685977636939,rs_indices_only,ridge,16.200656242913613
station-1,2024-05-06,20.38382385106992,rs_indices_only,ridge,15.766112152947848
station-1,2024-05-07,12.422415636233668,rs_indices_only,ridge,15.331568062982086
station-1,2024-05-08,16.356923078271965,rs_indices_only,ridge,16.844885540963148
station-1,2024-05-09,22.430174550497917,rs_indices_only,ridge,17.27942963092891
station-1,2024-05-10,16.703423478917724,rs_indices_only,ridge,17.713973720894675
station-1,2024-05-11,14.87326884158806,rs_indices_only,ridge,17.27942963092891
station-1,2024-05-12,18.4198646556566,rs_indices_only,ridge,16.844885540963148
station-1,2024-05-13,11.003752896940686,rs_indices_only,ridge,16.204950527654347
station-1,2024-05-14,25.033829258011952,rs_indices_only,ridge,16.63949461762011
station-1,2024-05-15,16.829529337461086,rs_indices_only,ridge,17.074038707585874
station-1,2024-05-16,23.470324139363985,rs_indices_only,ridge,16.63949461762011
station-1,2024-05-17,18.056882272612803,rs_indices_only,ridge,16.204950527654347
station-1,2024-05-18,18.0504370130455,rs_indices_only,ridge,15.770406437688585
station-1,2024-05-22,18.234771044924944,rs_indices_only,ridge,16.353754754328776
station-1,2024-05-23,24.050009998428155,rs_indices_only,ridge,16.788298844294538
station-1,2024-05-24,19.121643874914692,rs_indices_only,ridge,17.222842934260303
station-1,2024-05-25,21.80624708717096,rs_indices_only,ridge,17.657387024226068
station-1,2024-05-26,16.889970174831287,rs_indices_only,ridge,17.222842934260303
station-1,2024-05-27,25.73861228885357,rs_indices_only,ridge,16.788298844294538
station-1,2024-05-28,16.369537449728835,rs_indices_only,ridge,14.417242280735287
station-1,2024-05-29,20.513789534464557,rs_indices_only,ridge,14.85178637070105
station-1,2024-05-30,15.830623652503599,rs_indices_only,ridge,15.286330460666811
station-1,2024-05-31,17.079031484285437,rs_indices_only,ridge,14.85178637070105
station-1,2024-06-01,15.034514063516617,rs_indices_only,ridge,14.417242280735287
station-1,2024-06-02,7.521901762932812,rs_indices_only,ridge,13.982698190769522
station-1,2024-06-11,8.427233815653993,rs_indices_only,ridge,12.034855921620391
station-1,2024-06-12,17.72108803623079,rs_indices_only,ridge,12.469400011586156
station-1,2024-06-13,11.830009608917479,rs_indices_only,ridge,12.903944101551922
station-1,2024-06-14,8.942281023508222,rs_indices_only,ridge,13.338488191517683
station-1,2024-06-15,12.983670334224106,rs_indices_only,ridge,12.903944101551922
station-1,2024-06-16,13.787327008986738,rs_indices_only,ridge,12.469400011586156
station-1,2024-06-17,4.877516845106596,rs_indices_only,ridge,12.588225973183391
station-1,2024-06-18,4.780180667255417,rs_indices_only,ridge,13.022770063149153
station-1,2024-06-19,7.787254141379215,rs_indices_only,ridge,13.457314153114918
station-1,2024-06-20,5.896779160013361,rs_indices_only,ridge,13.022770063149153
station-1,2024-06-21,13.09493157759784,rs_indices_only,ridge,12.588225973183391
station-1,2024-06-22,23.786911066614078,rs_indices_only,ridge,10.39274365095482
station-1,2024-06-23,1.3146887219013903,rs_indices_only,ridge,10.827287740920582
station-1,2024-06-24,4.530469864682162,rs_indices_only,ridge,11.261831830886347
station-1,2024-06-25,6.6793859388937955,rs_indices_only,ridge,10.827287740920582
station-1,2024-06-26,7.78022588245328,rs_indices_only,ridge,10.39274365095482
station-1,2024-06-27,3.8720543305170505,rs_indices_only,ridge,9.958199560989058
station-2,2024-05-01,15.40944320797562,rs_indices_only,ridge,19.147895232754415
station-2,2024-05-02,25.1477965519034,rs_indices_only,ridge,18.713351142788653
station-2,2024-05-03,48.70162660600713,rs_indices_only,ridge,20.99788129222949
station-2,2024-05-04,18.395524567321008,rs_indices_only,ridge,21.432425382195255
station-2,2024-05-05,21.49753001220353,rs_indices_only,ridge,21.866969472161017
station-2,2024-05-06,17.44811500705503,rs_indices_only,ridge,21.432425382195255
station-2,2024-05-07,27.85325546549825,rs_indices_only,ridge,20.99788129222949
station-2,2024-05-08,20.50348338926955,rs_indices_only,ridge,20.180267178259356
station-2,2024-05-09,26.290601236435343,rs_indices_only,ridge,20.614811268225118
station-2,2024-05-10,17.728500042471538,rs_indices_only,ridge,21.04935535819088
station-2,2024-05-11,20.38766593966379,rs_indices_only,ridge,20.614811268225118
station-2,2024-05-12,20.71166485054097,rs_indices_only,ridge,20.180267178259356
station-2,2024-05-13,18.745928004055397,rs_indices_only,ridge,20.668741087104976
station-2,2024-05-14,26.22212183184044,rs_indices_only,ridge,21.103285177070738
station-2,2024-05-15,21.531843654215816,rs_indices_only,ridge,21.537829267036503
station-2,2024-05-16,29.333758771492622,rs_indices_only,ridge,21.103285177070738
station-2,2024-05-17,26.072658634160806,rs_indices_only,ridge,20.668741087104976
station-2,2024-05-18,25.42725021121072,rs_indices_only,ridge,20.66894598338957
station-2,2024-05-19,23.876226725601395,rs_indices_only,ridge,21.10349007335533
station-2,2024-05-20,21.158397911136404,rs_indices_only,ridge,21.538034163321093
station-2,2024-05-21,19.68162196880706,rs_indices_only,ridge,21.10349007335533
station-2,2024-05-22,26.316015135817967,rs_indices_only,ridge,20.66894598338957
station-2,2024-05-23,32.41407216557656,rs_indices_only,ridge,22.58246162123703
station-2,2024-05-24,22.407396538316785,rs_indices_only,ridge,23.017005711202795
station-2,2024-05-25,26.661462414598127,rs_indices_only,ridge,23.451549801168557
station-2,2024-05-26,20.2150296959467,rs_indices_only,ridge,23.017005711202795
station-2,2024-05-27,19.94608752045856,rs_indices_only,ridge,22.58246162123703
station-2,2024-05-28,19.983269044373664,rs_indices_only,ridge,20.32547065125668
station-2,2024-05-29,22.72642183691951,rs_indices_only,ridge,20.76001474122244
station-2,2024-05-30,19.055773259074837,rs_indices_only,ridge,21.194558831188207
station-2,2024-05-31,11.020432457565958,rs_indices_only,ridge,20.76001474122244
station-2,2024-06-01,18.842359471820988,rs_indices_only,ridge,20.32547065125668
station-2,2024-06-02,17.831605106454592,rs_indices_only,ridge,17.48247246299427
station-2,2024-06-03,8.295981739367104,rs_indices_only,ridge,17.917016552960035
station-2,2024-06-04,16.336610128294588,rs_indices_only,ridge,18.351560642925797
station-2,2024-06-05,24.01951338750446,rs_indices_only,ridge,17.917016552960035
station-2,2024-06-06,10.601844870323355,rs_indices_only,ridge,17.48247246299427
station-2,2024-06-07,14.146879390745712,rs_indices_only,ridge,17.96269734316507
station-2,2024-06-08,18.581708119729146,rs_indices_only,ridge,18.39724143313083
station-2,2024-06-09,15.455869937282111,rs_indices_only,ridge,18.831785523096592
station-2,2024-06-10,9.124258696898915,rs_indices_only,ridge,18.39724143313083
station-2,2024-06-11,9.975343944211076,rs_indices_only,ridge,17.96269734316507
station-2,2024-06-12,5.2514326939882325,rs_indices_only,ridge,15.251868028819946
station-2,2024-06-13,20.505588943427384,rs_indices_only,ridge,15.68641211878571
station-2,2024-06-14,9.278757009199758,rs_indices_only,ridge,16.120956208751473
station-2,2024-06-15,8.367038144195098,rs_indices_only,ridge,15.68641211878571
station-2,2024-06-16,22.930941659529022,rs_indices_only,ridge,15.251868028819946
station-2,2024-06-17,11.388242338199873,rs_indices_only,ridge,14.81732393885418
station-3,2024-05-01,24.62022772737034,rs_indices_only,ridge,23.23294703228653
station-3,2024-05-02,21.24388150678914,rs_indices_only,ridge,22.798402942320767
station-3,2024-05-03,23.58196593591777,rs_indices_only,ridge,23.96580738558699
station-3,2024-05-04,24.372118187469255,rs_indices_only,ridge,24.400351475552757
station-3,2024-05-05,25.431790220902396,rs_indices_only,ridge,24.834895565518522
station-3,2024-05-06,21.21180945152298,rs_indices_only,ridge,24.400351475552757
station-3,2024-05-07,23.26882710249795,rs_indices_only,ridge,23.96580738558699
station-3,2024-05-08,22.08660795025316,rs_indices_only,ridge,23.867650556806094
station-3,2024-05-09,28.69048164697127,rs_indices_only,ridge,24.30219464677186
station-3,2024-05-10,25.985877482395274,rs_indices_only,ridge,24.73673873673762
station-3,2024-05-11,25.225597481853097,rs_indices_only,ridge,24.30219464677186
station-3,2024-05-12,20.64086801193225,rs_indices_only,ridge,23.867650556806094
station-3,2024-05-13,26.993333591176075,rs_indices_only,ridge,23.668120752229065
station-3,2024-05-14,23.641825678509992,rs_indices_only,ridge,24.102664842194827
station-3,2024-05-15,28.145417304272694,rs_indices_only,ridge,24.53720893216059
station-3,2024-05-16,23.265546873641544,rs_indices_only,ridge,24.102664842194827
station-3,2024-05-17,27.594915262100542,rs_indices_only,ridge,23.668120752229065
station-3,2024-05-18,20.489998339749718,rs_indices_only,ridge,25.508427830046514
station-3,2024-05-19,39.626105631951994,rs_indices_only,ridge,25.942971920012276
station-3,2024-05-20,31.90939372455626,rs_indices_only,ridge,26.377516009978038
station-3,2024-05-21,32.43889855774645,rs_indices_only,ridge,25.942971920012276
station-3,2024-05-22,20.05363701443941,rs_indices_only,ridge,25.508427830046514
station-3,2024-05-23,21.474293243695463,rs_indices_only,ridge,23.991762197596582
station-3,2024-05-24,23.818577887881805,rs_indices_only,ridge,24.426306287562348
station-3,2024-05-25,23.791206881895423,rs_indices_only,ridge,24.86085037752811
station-3,2024-05-26,26.18637594231604,rs_indices_only,ridge,24.426306287562348
station-3,2024-05-27,28.6092418678804,rs_indices_only,ridge,23.991762197596582
station-3,2024-05-28,20.275294950232414,rs_indices_only,ridge,22.508169814618864
station-3,2024-05-29,27.829731923382557,rs_indices_only,ridge,22.94271390458463
station-3,2024-05-30,25.434584065269853,rs_indices_only,ridge,23.37725799455039
station-3,2024-05-31,22.961419888603753,rs_indices_only,ridge,22.94271390458463
station-3,2024-06-01,27.809311101544417,rs_indices_only,ridge,22.508169814618864
station-3,2024-06-02,19.83972609239387,rs_indices_only,ridge,20.640244670988846
station-3,2024-06-03,21.527141336217316,rs_indices_only,ridge,21.074788760954608
station-3,2024-06-04,18.668407867165026,rs_indices_only,ridge,21.509332850920373
station-3,2024-06-05,20.60108389605624,rs_indices_only,ridge,21.074788760954608
station-3,2024-06-06,17.696015653428148,rs_indices_only,ridge,20.640244670988846
station-3,2024-06-07,13.857842291041624,rs_indices_only,ridge,17.808296314388446
station-3,2024-06-08,14.680059061848462,rs_indices_only,ridge,18.24284040435421
station-3,2024-06-09,14.095620461894963,rs_indices_only,ridge,18.677384494319973
station-3,2024-06-10,21.87843068841782,rs_indices_only,ridge,18.24284040435421
station-3,2024-06-11,16.42548097656503,rs_indices_only,ridge,17.808296314388446
station-3,2024-06-12,17.25889951529351,rs_indices_only,ridge,18.743471857174132
station-3,2024-06-13,23.313143663938583,rs_indices_only,ridge,19.178015947139894
station-3,2024-06-14,12.276955270916664,rs_indices_only,ridge,19.61256003710566
station-3,2024-06-15,14.511792289920251,rs_indices_only,ridge,19.178015947139894
station-3,2024-06-16,20.0888596734959,rs_indices_only,ridge,18.743471857174132
station-3,2024-06-17,14.49234378083436,rs_indices_only,ridge,18.308927767208367
station-3,2024-06-21,28.97983985310292,rs_indices_only,ridge,18.497224594599736
station-3,2024-06-22,10.885678448991563,rs_indices_only,ridge,18.931768684565498
station-3,2024-06-23,12.174763475481809,rs_indices_only,ridge,19.36631277453126
station-3,2024-06-24,12.111276125078748,rs_indices_only,ridge,19.800856864497025
station-3,2024-06-25,9.799301514055191,rs_indices_only,ridge,19.36631277453126
station-3,2024-06-26,36.48654793569342,rs_indices_only,ridge,18.931768684565498
station-3,2024-06-27,8.129811404983203,rs_indices_only,ridge,18.497224594599736
station-4,2024-05-01,27.60341028525101,rs_indices_only,ridge,24.889967956539714
station-4,2024-05-02,30.95858739605222,rs_indices_only,ridge,24.455423866573952
station-4,2024-05-03,26.502768207155583,rs_indices_only,ridge,26.762781405293246
station-4,2024-05-04,23.250581098763988,rs_indices_only,ridge,27.19732549525901
station-4,2024-05-05,24.587631852576468,rs_indices_only,ridge,27.631869585224774
station-4,2024-05-06,31.45486956398574,rs_indices_only,ridge,27.19732549525901
station-4,2024-05-07,31.70748633963936,rs_indices_only,ridge,26.762781405293246
station-4,2024-05-08,34.875469528548585,rs_indices_only,ridge,28.58483423991991
station-4,2024-05-09,27.215905779927255,rs_indices_only,ridge,29.019378329885672
station-4,2024-05-10,30.105974108003842,rs_indices_only,ridge,29.453922419851438
station-4,2024-05-11,24.388716679756346,rs_indices_only,ridge,29.019378329885672
station-4,2024-05-12,26.364866521777856,rs_indices_only,ridge,28.58483423991991
station-4,2024-05-13,26.2925691316482,rs_indices_only,ridge,29.854305414290955
station-4,2024-05-14,31.522334570728916,rs_indices_only,ridge,30.288849504256717
station-4,2024-05-15,34.119201269823165,rs_indices_only,ridge,30.723393594222483
station-4,2024-05-16,24.81160123412396,rs_indices_only,ridge,30.288849504256717
station-4,2024-05-17,33.23072902002468,rs_indices_only,ridge,29.854305414290955
station-4,2024-05-18,32.134489388647914,rs_indices_only,ridge,26.39126191359336
station-4,2024-05-19,20.951762825990944,rs_indices_only,ridge,26.825806003559126
station-4,2024-05-20,29.032960651448395,rs_indices_only,ridge,27.260350093524888
station-4,2024-05-21,31.41050154180279,rs_indices_only,ridge,26.825806003559126
station-4,2024-05-22,27.2282986622995,rs_indices_only,ridge,26.39126191359336
station-4,2024-05-23,26.16064264427073,rs_indices_only,ridge,24.90196178519619
station-4,2024-05-24,32.0866488015461,rs_indices_only,ridge,25.336505875161954
station-4,2024-05-25,21.56614004526292,rs_indices_only,ridge,25.771049965127716
station-4,2024-05-26,29.947725414540685,rs_indices_only,ridge,25.336505875161954
station-4,2024-05-27,33.703414494124544,rs_indices_only,ridge,24.90196178519619
station-4,2024-05-28,25.23595419692755,rs_indices_only,ridge,26.787560021289817
station-4,2024-05-29,30.637289265025352,rs_indices_only,ridge,27.22210411125558
station-4,2024-05-30,31.003099630065023,rs_indices_only,ridge,27.656648201221344
station-4,2024-05-31,48.21508343850458,rs_indices_only,ridge,27.22210411125558
station-4,2024-06-01,20.830749513443212,rs_indices_only,ridge,26.787560021289817
station-4,2024-06-02,25.74928081786181,rs_indices_only,ridge,26.191697176484908
station-4,2024-06-03,35.493291323248336,rs_indices_only,ridge,26.62624126645067
station-4,2024-06-04,25.452932157164177,rs_indices_only,ridge,27.06078535641643
station-4,2024-06-05,30.84290393662567,rs_indices_only,ridge,26.62624126645067
station-4,2024-06-06,28.85872429427067,rs_indices_only,ridge,26.191697176484908
station-4,2024-06-07,28.064368486587615,rs_indices_only,ridge,28.464718342982344
station-4,2024-06-08,19.020671729610957,rs_indices_only,ridge,28.899262432948106
station-4,2024-06-09,38.42894192001227,rs_indices_only,ridge,29.33380652291387
station-4,2024-06-10,16.478122684716,rs_indices_only,ridge,28.899262432948106
station-4,2024-06-11,22.104549770703958,rs_indices_only,ridge,28.464718342982344
station-4,2024-06-12,16.617074947572608,rs_indices_only,ridge,23.500540562186032
station-4,2024-06-13,13.513932494123026,rs_indices_only,ridge,23.935084652151794
station-4,2024-06-14,21.344435050985872,rs_indices_only,ridge,24.36962874211756
station-4,2024-06-15,16.47046725299483,rs_indices_only,ridge,23.935084652151794
station-4,2024-06-16,11.477114805144334,rs_indices_only,ridge,23.500540562186032
station-4,2024-06-17,16.801903943942673,rs_indices_only,ridge,23.06599647222027
station-4,2024-06-21,19.000413032658578,rs_indices_only,ridge,24.401360178338578
station-4,2024-06-22,15.408316731700166,rs_indices_only,ridge,24.835904268304343
station-4,2024-06-23,23.74538791621768,rs_indices_only,ridge,25.27044835827011
station-4,2024-06-24,27.901107098382333,rs_indices_only,ridge,25.70499244823587
station-4,2024-06-25,21.40267254567589,rs_indices_only,ridge,25.27044835827011
station-4,2024-06-26,13.60863484650034,rs_indices_only,ridge,24.835904268304343
station-4,2024-06-27,21.235558911603302,rs_indices_only,ridge,24.401360178338578
station-5,2024-05-01,30.1791138600378,rs_indices_only,ridge,29.58028568281348
station-5,2024-05-02,34.14476658589151,rs_indices_only,ridge,29.145741592847713
station-5,2024-05-03,30.120455199233557,rs_indices_only,ridge,31.64690265638973
station-5,2024-05-04,32.342635056859464,rs_indices_only,ridge,32.081446746355496
station-5,2024-05-05,37.57681967689372,rs_indices_only,ridge,32.51599083632126
station-5,2024-05-06,30.53007457464678,rs_indices_only,ridge,32.081446746355496
station-5,2024-05-07,31.847971644783385,rs_indices_only,ridge,31.64690265638973
station-5,2024-05-08,25.54255138971623,rs_indices_only,ridge,29.758027668906138
station-5,2024-05-09,30.4015024973807,rs_indices_only,ridge,30.192571758871903
station-5,2024-05-10,29.903712475671735,rs_indices_only,ridge,30.627115848837665
station-5,2024-05-11,22.103446538659814,rs_indices_only,ridge,30.192571758871903
station-5,2024-05-12,35.30116332425829,rs_indices_only,ridge,29.758027668906138
station-5,2024-05-13,32.25511183474325,rs_indices_only,ridge,28.794130394955214
station-5,2024-05-14,29.469374659144872,rs_indices_only,ridge,29.22867448492098
station-5,2024-05-15,29.502409823413487,rs_indices_only,ridge,29.66321857488674
station-5,2024-05-16,32.06345113184187,rs_indices_only,ridge,29.22867448492098
station-5,2024-05-17,32.07480046642017,rs_indices_only,ridge,28.794130394955214
station-5,2024-05-18,32.389476845159635,rs_indices_only,ridge,31.11683346010212
station-5,2024-05-19,42.174316626630905,rs_indices_only,ridge,31.551377550067883
station-5,2024-05-20,37.09314647005851,rs_indices_only,ridge,31.98592164003365
station-5,2024-05-21,34.3098091818013,rs_indices_only,ridge,31.551377550067883
station-5,2024-05-22,27.153943263950634,rs_indices_only,ridge,31.11683346010212
station-5,2024-05-23,34.69245427902117,rs_indices_only,ridge,28.28477353073983
station-5,2024-05-24,31.36533517730455,rs_indices_only,ridge,28.719317620705596
station-5,2024-05-25,26.76218762289202,rs_indices_only,ridge,29.153861710671357
station-5,2024-05-26,25.27737541076798,rs_indices_only,ridge,28.719317620705596
station-5,2024-05-27,35.187565506553916,rs_indices_only,ridge,28.28477353073983
station-5,2024-05-28,33.08785241088588,rs_indices_only,ridge,28.043140889861704
station-5,2024-05-29,29.2077499919183,rs_indices_only,ridge,28.477684979827465
station-5,2024-05-30,26.496309804528668,rs_indices_only,ridge,28.91222906979323
station-5,2024-05-31,27.766658994551577,rs_indices_only,ridge,28.477684979827465
station-5,2024-06-01,33.82392414323331,rs_indices_only,ridge,28.043140889861704
station-5,2024-06-02,27.86715140030778,rs_indices_only,ridge,30.297371968826987
station-5,2024-06-03,21.948402696532618,rs_indices_only,ridge,30.73191605879275
station-5,2024-06-04,30.87417963666101,rs_indices_only,ridge,31.166460148758514
station-5,2024-06-05,22.58623480471623,rs_indices_only,ridge,30.73191605879275
station-5,2024-06-06,25.805006558088557,rs_indices_only,ridge,30.297371968826987
station-5,2024-06-07,36.5586573563566,rs_indices_only,ridge,28.305975355947645
station-5,2024-06-08,20.77777231057474,rs_indices_only,ridge,28.740519445913407
station-5,2024-06-09,24.91213602304886,rs_indices_only,ridge,29.175063535879172
station-5,2024-06-10,26.0965647075012,rs_indices_only,ridge,28.740519445913407
station-5,2024-06-11,29.818520465167026,rs_indices_only,ridge,28.305975355947645
station-5,2024-06-12,20.17593292263499,rs_indices_only,ridge,27.098880998531307
station-5,2024-06-13,31.777208179593533,rs_indices_only,ridge,27.533425088497072
station-5,2024-06-14,24.613445011517868,rs_indices_only,ridge,27.967969178462834
station-5,2024-06-15,25.650463466373907,rs_indices_only,ridge,27.533425088497072
station-5,2024-06-16,25.89152277172611,rs_indices_only,ridge,27.098880998531307
station-5,2024-06-17,23.91654417753614,rs_indices_only,ridge,24.5805422015172
station-5,2024-06-18,19.447097959351844,rs_indices_only,ridge,25.015086291482966
station-5,2024-06-19,18.267367655528204,rs_indices_only,ridge,25.449630381448728
station-5,2024-06-20,20.411686472958994,rs_indices_only,ridge,25.015086291482966
station-5,2024-06-21,23.87201304468701,rs_indices_only,ridge,24.5805422015172
station-5,2024-06-22,18.301605773939748,rs_indices_only,ridge,28.009121425349136
station-5,2024-06-23,26.379448823616126,rs_indices_only,ridge,28.443665515314898
station-5,2024-06-24,29.954572030750562,rs_indices_only,ridge,28.878209605280663
station-5,2024-06-25,18.124351267698664,rs_indices_only,ridge,28.443665515314898
station-5,2024-06-26,28.635185890041,rs_indices_only,ridge,28.009121425349136
station-5,2024-06-27,18.692067026135458,rs_indices_only,ridge,27.57457733538337
station-6,2024-05-01,34.058553750071844,rs_indices_only,ridge,39.29943106143387
station-6,2024-05-02,41.230370279807964,rs_indices_only,ridge,38.86488697146811
station-6,2024-05-03,34.52067484833439,rs_indices_only,ridge,33.04803252953154
station-6,2024-05-04,48.35411583463442,rs_indices_only,ridge,33.4825766194973
station-6,2024-05-05,33.312742461213716,rs_indices_only,ridge,33.91712070946306
station-6,2024-05-06,31.87446635977451,rs_indices_only,ridge,33.4825766194973
station-6,2024-05-07,35.23743537508392,rs_indices_only,ridge,33.04803252953154
station-6,2024-05-08,36.631394442128176,rs_indices_only,ridge,33.65796450176713
station-6,2024-05-09,30.79577284456199,rs_indices_only,ridge,34.092508591732894
station-6,2024-05-10,34.291295857073415,rs_indices_only,ridge,34.52705268169866
station-6,2024-05-11,33.897948575536105,rs_indices_only,ridge,34.092508591732894
station-6,2024-05-12,38.274052497471914,rs_indices_only,ridge,33.65796450176713
station-6,2024-05-13,40.3691632005242,rs_indices_only,ridge,33.22342041180137
station-6,2024-05-17,37.54653807322373,rs_indices_only,ridge,36.71952281542326
station-6,2024-05-18,35.12809327240775,rs_indices_only,ridge,37.15406690538902
station-6,2024-05-19,38.68258126709606,rs_indices_only,ridge,37.588610995354784
station-6,2024-05-20,40.53571929100112,rs_indices_only,ridge,38.02315508532055
station-6,2024-05-21,37.024215876904606,rs_indices_only,ridge,37.588610995354784
station-6,2024-05-22,48.79963117334607,rs_indices_only,ridge,37.15406690538902
station-6,2024-05-23,38.620804674399494,rs_indices_only,ridge,32.384150002687704
station-6,2024-05-24,39.66637155541925,rs_indices_only,ridge,32.818694092653466
station-6,2024-05-25,32.603663645321376,rs_indices_only,ridge,33.253238182619235
station-6,2024-05-26,42.41446456709032,rs_indices_only,ridge,32.818694092653466
station-6,2024-05-27,32.75956263180774,rs_indices_only,ridge,32.384150002687704
station-6,2024-05-28,38.711849094433184,rs_indices_only,ridge,28.533858636028775
station-6,2024-05-29,31.927491829355933,rs_indices_only,ridge,28.96840272599454
station-6,2024-05-30,24.02202083539583,rs_indices_only,ridge,29.402946815960302
station-6,2024-05-31,29.642885830274224,rs_indices_only,ridge,28.96840272599454
station-6,2024-06-01,31.342257331989707,rs_indices_only,ridge,28.533858636028775
station-6,2024-06-02,27.161990798100724,rs_indices_only,ridge,33.07117570898038
station-6,2024-06-03,34.6298990164144,rs_indices_only,ridge,33.50571979894614
station-6,2024-06-04,33.814142250160806,rs_indices_only,ridge,33.9402638889119
station-6,2024-06-05,31.457085221496467,rs_indices_only,ridge,33.50571979894614
station-6,2024-06-06,41.796472970276255,rs_indices_only,ridge,33.07117570898038
station-6,2024-06-07,41.456775426372516,rs_indices_only,ridge,30.58201389587652
station-6,2024-06-08,36.04260107754721,rs_indices_only,ridge,31.016557985842287
station-6,2024-06-09,26.603798213615605,rs_indices_only,ridge,31.45110207580805
station-6,2024-06-10,31.043817727600267,rs_indices_only,ridge,31.016557985842287
station-6,2024-06-11,25.852580869858027,rs_indices_only,ridge,30.58201389587652
station-6,2024-06-12,36.649000723396426,rs_indices_only,ridge,30.14746980591076
station-6,2024-06-16,26.894298125151835,rs_indices_only,ridge,31.45537666101655
station-6,2024-06-17,21.31533439843601,rs_indices_only,ridge,31.889920750982316
station-6,2024-06-18,25.19314257729431,rs_indices_only,ridge,32.32446484094808
station-6,2024-06-19,30.23239940273947,rs_indices_only,ridge,32.75900893091384
station-6,2024-06-20,28.85221452516712,rs_indices_only,ridge,32.32446484094808
station-6,2024-06-21,23.72031512512497,rs_indices_only,ridge,31.889920750982316
station-6,2024-06-22,28.36357187638192,rs_indices_only,ridge,31.45537666101655
station-1,2024-05-02,17.14560440142714,fused_in_situ_rs,gradient_boosting,13.49882862745379
station-1,2024-05-03,4.151040550155801,fused_in_situ_rs,gradient_boosting,13.45943389586359
station-1,2024-05-04,20.78209284378296,fused_in_situ_rs,gradient_boosting,12.787060579370856
station-1,2024-05-05,13.341685977636939,fused_in_situ_rs,gradient_boosting,13.996800260594618
station-1,2024-05-06,20.38382385106992,fused_in_situ_rs,gradient_boosting,15.605679048008152
station-1,2024-05-07,12.422415636233668,fused_in_situ_rs,gradient_boosting,12.673688238309255
station-1,2024-05-08,16.356923078271965,fused_in_situ_rs,gradient_boosting,12.519914845874988
station-1,2024-05-09,22.430174550497917,fused_in_situ_rs,gradient_boosting,15.896753132446456
station-1,2024-05-10,16.703423478917724,fused_in_situ_rs,gradient_boosting,11.018418608237722
station-1,2024-05-11,14.87326884158806,fused_in_situ_rs,gradient_boosting,14.602521410069057
station-1,2024-05-12,18.4198646556566,fused_in_situ_rs,gradient_boosting,14.612829204567372
station-1,2024-05-13,11.003752896940686,fused_in_situ_rs,gradient_boosting,14.92406171442774
station-1,2024-05-14,25.033829258011952,fused_in_situ_rs,gradient_boosting,12.470360205938071
station-1,2024-05-15,16.829529337461086,fused_in_situ_rs,gradient_boosting,11.838646050418788
station-1,2024-05-16,23.470324139363985,fused_in_situ_rs,gradient_boosting,15.210334806284468
station-1,2024-05-17,18.056882272612803,fused_in_situ_rs,gradient_boosting,13.834408878132813
station-1,2024-05-18,18.0504370130455,fused_in_situ_rs,gradient_boosting,12.327905641954061
station-1,2024-05-22,18.234771044924944,fused_in_situ_rs,gradient_boosting,17.227477953526716
station-1,2024-05-23,24.050009998428155,fused_in_situ_rs,gradient_boosting,21.61597886292648
station-1,2024-05-24,19.121643874914692,fused_in_situ_rs,gradient_boosting,15.444567924154494
station-1,2024-05-25,21.80624708717096,fused_in_situ_rs,gradient_boosting,15.743218686184544
station-1,2024-05-26,16.889970174831287,fused_in_situ_rs,gradient_boosting,13.679174828544138
station-1,2024-05-27,25.73861228885357,fused_in_situ_rs,gradient_boosting,18.670158130272444
station-1,2024-05-28,16.369537449728835,fused_in_situ_rs,gradient_boosting,11.489475725102338
station-1,2024-05-29,20.513789534464557,fused_in_situ_rs,gradient_boosting,11.66665585592148
station-1,2024-05-30,15.830623652503599,fused_in_situ_rs,gradient_boosting,13.222247693517028
station-1,2024-05-31,17.079031484285437,fused_in_situ_rs,gradient_boosting,14.06245856901831
station-1,2024-06-01,15.034514063516617,fused_in_situ_rs,gradient_boosting,12.16773368285397
station-1,2024-06-02,7.521901762932812,fused_in_situ_rs,gradient_boosting,10.87272238104465
station-1,2024-06-11,8.427233815653993,fused_in_situ_rs,gradient_boosting,11.512776147182317
station-1,2024-06-12,17.72108803623079,fused_in_situ_rs,gradient_boosting,19.171635019046036
station-1,2024-06-13,11.830009608917479,fused_in_situ_rs,gradient_boosting,11.333642445905639
station-1,2024-06-14,8.942281023508222,fused_in_situ_rs,gradient_boosting,18.360787162250066
station-1,2024-06-15,12.983670334224106,fused_in_situ_rs,gradient_boosting,11.769337784012691
station-1,2024-06-16,13.787327008986738,fused_in_situ_rs,gradient_boosting,22.086927833011764
station-1,2024-06-17,4.877516845106596,fused_in_situ_rs,gradient_boosting,10.631542988680136
station-1,2024-06-18,4.780180667255417,fused_in_situ_rs,gradient_boosting,11.092463053541126
station-1,2024-06-19,7.787254141379215,fused_in_situ_rs,gradient_boosting,12.184669021298149
station-1,2024-06-20,5.896779160013361,fused_in_situ_rs,gradient_boosting,13.041193651387122
station-1,2024-06-21,13.09493157759784,fused_in_situ_rs,gradient_boosting,11.54122020413795
station-1,2024-06-22,23.786911066614078,fused_in_situ_rs,gradient_boosting,25.702159842695895
station-1,2024-06-23,1.3146887219013903,fused_in_situ_rs,gradient_boosting,11.154812935405236
station-1,2024-06-24,4.530469864682162,fused_in_situ_rs,gradient_boosting,9.279581575201975
station-1,2024-06-25,6.6793859388937955,fused_in_situ_rs,gradient_boosting,12.932193627553268
station-1,2024-06-26,7.78022588245328,fused_in_situ_rs,gradient_boosting,12.560179793175953
station-1,2024-06-27,3.8720543305170505,fused_in_situ_rs,gradient_boosting,11.462196951315612
station-2,2024-05-01,15.40944320797562,fused_in_situ_rs,gradient_boosting,17.07372948992428
station-2,2024-05-02,25.1477965519034,fused_in_situ_rs,gradient_boosting,19.488885577613704
station-2,2024-05-03,48.70162660600713,fused_in_situ_rs,gradient_boosting,35.755891726673106
station-2,2024-05-04,18.395524567321008,fused_in_situ_rs,gradient_boosting,18.92283469182301
station-2,2024-05-05,21.49753001220353,fused_in_situ_rs,gradient_boosting,17.80999984997318
station-2,2024-05-06,17.44811500705503,fused_in_situ_rs,gradient_boosting,19.137766638662672
station-2,2024-05-07,27.85325546549825,fused_in_situ_rs,gradient_boosting,26.365813746828866
station-2,2024-05-08,20.50348338926955,fused_in_situ_rs,gradient_boosting,17.29889466876392
station-2,2024-05-09,26.290601236435343,fused_in_situ_rs,gradient_boosting,16.740673854182326
station-2,2024-05-10,17.728500042471538,fused_in_situ_rs,gradient_boosting,18.36619978039147
station-2,2024-05-11,20.38766593966379,fused_in_situ_rs,gradient_boosting,16.740673854182326
station-2,2024-05-12,20.71166485054097,fused_in_situ_rs,gradient_boosting,16.563493723363184
station-2,2024-05-13,18.745928004055397,fused_in_situ_rs,gradient_boosting,19.362067087978907
station-2,2024-05-14,26.22212183184044,fused_in_situ_rs,gradient_boosting,20.752970103497095
station-2,2024-05-15,21.531843654215816,fused_in_situ_rs,gradient_boosting,18.336804209946756
station-2,2024-05-16,29.333758771492622,fused_in_situ_rs,gradient_boosting,22.50482450477425
station-2,2024-05-17,26.072658634160806,fused_in_situ_rs,gradient_boosting,19.64580702202075
station-2,2024-05-18,25.42725021121072,fused_in_situ_rs,gradient_boosting,23.055409318479285
station-2,2024-05-19,23.876226725601395,fused_in_situ_rs,gradient_boosting,18.596089118477504
station-2,2024-05-20,21.158397911136404,fused_in_situ_rs,gradient_boosting,17.964374962958214
station-2,2024-05-21,19.68162196880706,fused_in_situ_rs,gradient_boosting,18.76549898273579
station-2,2024-05-22,26.316015135817967,fused_in_situ_rs,gradient_boosting,18.72335236714159
station-2,2024-05-23,32.41407216557656,fused_in_situ_rs,gradient_boosting,23.976104934284677
station-2,2024-05-24,22.407396538316785,fused_in_situ_rs,gradient_boosting,20.45571815865568
station-2,2024-05-25,26.661462414598127,fused_in_situ_rs,gradient_boosting,20.721169537249736
station-2,2024-05-26,20.2150296959467,fused_in_situ_rs,gradient_boosting,20.45571815865568
station-2,2024-05-27,19.94608752045856,fused_in_situ_rs,gradient_boosting,19.811845096443193
station-2,2024-05-28,19.983269044373664,fused_in_situ_rs,gradient_boosting,17.150921401254273
station-2,2024-05-29,22.72642183691951,fused_in_situ_rs,gradient_boosting,23.975234998497612
station-2,2024-05-30,19.055773259074837,fused_in_situ_rs,gradient_boosting,15.993979477230301
station-2,2024-05-31,11.020432457565958,fused_in_situ_rs,gradient_boosting,18.703631695784775
station-2,2024-06-01,18.842359471820988,fused_in_situ_rs,gradient_boosting,16.715226063147213
station-2,2024-06-02,17.831605106454592,fused_in_situ_rs,gradient_boosting,17.34009621192655
station-2,2024-06-03,8.295981739367104,fused_in_situ_rs,gradient_boosting,17.025928995424927
station-2,2024-06-04,16.336610128294588,fused_in_situ_rs,gradient_boosting,14.434995223493917
station-2,2024-06-05,24.01951338750446,fused_in_situ_rs,gradient_boosting,24.378696812556505
station-2,2024-06-06,10.601844870323355,fused_in_situ_rs,gradient_boosting,15.816571933621876
station-2,2024-06-07,14.146879390745712,fused_in_situ_rs,gradient_boosting,17.26799449933762
station-2,2024-06-08,18.581708119729146,fused_in_situ_rs,gradient_boosting,22.98379013987525
station-2,2024-06-09,15.455869937282111,fused_in_situ_rs,gradient_boosting,16.982999453672306
station-2,2024-06-10,9.124258696898915,fused_in_situ_rs,gradient_boosting,16.07767252937399
station-2,2024-06-11,9.975343944211076,fused_in_situ_rs,gradient_boosting,16.16720495977162
station-2,2024-06-12,5.2514326939882325,fused_in_situ_rs,gradient_boosting,15.18033515329481
station-2,2024-06-13,20.505588943427384,fused_in_situ_rs,gradient_boosting,14.997846982785015
station-2,2024-06-14,9.278757009199758,fused_in_situ_rs,gradient_boosting,15.403654775819673
station-2,2024-06-15,8.367038144195098,fused_in_situ_rs,gradient_boosting,14.037531714883363
station-2,2024-06-16,22.930941659529022,fused_in_situ_rs,gradient_boosting,22.636263119092316
station-2,2024-06-17,11.388242338199873,fused_in_situ_rs,gradient_boosting,16.835538477591314
station-3,2024-05-01,24.62022772737034,fused_in_situ_rs,gradient_boosting,19.515207359861215
station-3,2024-05-02,21.24388150678914,fused_in_situ_rs,gradient_boosting,22.80492051985458
station-3,2024-05-03,23.58196593591777,fused_in_situ_rs,gradient_boosting,21.00430537298212
station-3,2024-05-04,24.372118187469255,fused_in_situ_rs,gradient_boosting,21.48214732668338
station-3,2024-05-05,25.431790220902396,fused_in_situ_rs,gradient_boosting,22.527470071111846
station-3,2024-05-06,21.21180945152298,fused_in_situ_rs,gradient_boosting,23.242601957231205
station-3,2024-05-07,23.26882710249795,fused_in_situ_rs,gradient_boosting,21.00430537298212
station-3,2024-05-08,22.08660795025316,fused_in_situ_rs,gradient_boosting,24.326270823133438
station-3,2024-05-09,28.69048164697127,fused_in_situ_rs,gradient_boosting,27.74056376789151
station-3,2024-05-10,25.985877482395274,fused_in_situ_rs,gradient_boosting,22.91809701608233
station-3,2024-05-11,25.225597481853097,fused_in_situ_rs,gradient_boosting,22.362143476208885
station-3,2024-05-12,20.64086801193225,fused_in_situ_rs,gradient_boosting,20.87223816779454
station-3,2024-05-13,26.993333591176075,fused_in_situ_rs,gradient_boosting,24.29190385196317
station-3,2024-05-14,23.641825678509992,fused_in_situ_rs,gradient_boosting,25.897115269264386
station-3,2024-05-15,28.145417304272694,fused_in_situ_rs,gradient_boosting,26.247141484492744
station-3,2024-05-16,23.265546873641544,fused_in_situ_rs,gradient_boosting,22.413154111036967
station-3,2024-05-17,27.594915262100542,fused_in_situ_rs,gradient_boosting,22.333843661281733
station-3,2024-05-18,20.489998339749718,fused_in_situ_rs,gradient_boosting,22.211004003398873
station-3,2024-05-19,39.626105631951994,fused_in_situ_rs,gradient_boosting,29.78245587350212
station-3,2024-05-20,31.90939372455626,fused_in_situ_rs,gradient_boosting,34.72464834092623
station-3,2024-05-21,32.43889855774645,fused_in_situ_rs,gradient_boosting,23.484758796537015
station-3,2024-05-22,20.05363701443941,fused_in_situ_rs,gradient_boosting,22.839403954472047
station-3,2024-05-23,21.474293243695463,fused_in_situ_rs,gradient_boosting,22.654368747316912
station-3,2024-05-24,23.818577887881805,fused_in_situ_rs,gradient_boosting,23.116350260114164
station-3,2024-05-25,23.791206881895423,fused_in_situ_rs,gradient_boosting,23.41964243336061
station-3,2024-05-26,26.18637594231604,fused_in_situ_rs,gradient_boosting,22.302234009668364
station-3,2024-05-27,28.6092418678804,fused_in_situ_rs,gradient_boosting,22.13167459715885
station-3,2024-05-28,20.275294950232414,fused_in_situ_rs,gradient_boosting,22.322504153308525
station-3,2024-05-29,27.829731923382557,fused_in_situ_rs,gradient_boosting,26.641707270596566
station-3,2024-05-30,25.434584065269853,fused_in_situ_rs,gradient_boosting,22.195551920377444
station-3,2024-05-31,22.961419888603753,fused_in_situ_rs,gradient_boosting,23.56078177369833
station-3,2024-06-01,27.809311101544417,fused_in_situ_rs,gradient_boosting,25.443245621579287
station-3,2024-06-02,19.83972609239387,fused_in_situ_rs,gradient_boosting,19.83883379197897
station-3,2024-06-03,21.527141336217316,fused_in_situ_rs,gradient_boosting,20.131665308921633
station-3,2024-06-04,18.668407867165026,fused_in_situ_rs,gradient_boosting,19.55925822956407
station-3,2024-06-05,20.60108389605624,fused_in_situ_rs,gradient_boosting,20.171501240726045
station-3,2024-06-06,17.696015653428148,fused_in_situ_rs,gradient_boosting,20.83213927806025
station-3,2024-06-07,13.857842291041624,fused_in_situ_rs,gradient_boosting,20.35182550344678
station-3,2024-06-08,14.680059061848462,fused_in_situ_rs,gradient_boosting,17.609768497297242
station-3,2024-06-09,14.095620461894963,fused_in_situ_rs,gradient_boosting,16.924380475329986
station-3,2024-06-10,21.87843068841782,fused_in_situ_rs,gradient_boosting,18.57562704017945
station-3,2024-06-11,16.42548097656503,fused_in_situ_rs,gradient_boosting,18.9526212331581
station-3,2024-06-12,17.25889951529351,fused_in_situ_rs,gradient_boosting,19.181123413152214
station-3,2024-06-13,23.313143663938583,fused_in_situ_rs,gradient_boosting,25.541627653264758
station-3,2024-06-14,12.276955270916664,fused_in_situ_rs,gradient_boosting,17.4319176336594
station-3,2024-06-15,14.511792289920251,fused_in_situ_rs,gradient_boosting,17.33886951930895
station-3,2024-06-16,20.0888596734959,fused_in_situ_rs,gradient_boosting,26.172939266058957
station-3,2024-06-17,14.49234378083436,fused_in_situ_rs,gradient_boosting,18.923229457430537
station-3,2024-06-21,28.97983985310292,fused_in_situ_rs,gradient_boosting,32.266953302223754
station-3,2024-06-22,10.885678448991563,fused_in_situ_rs,gradient_boosting,19.03351698661568
station-3,2024-06-23,12.174763475481809,fused_in_situ_rs,gradient_boosting,18.796679317751618
station-3,2024-06-24,12.111276125078748,fused_in_situ_rs,gradient_boosting,18.439555845645042
station-3,2024-06-25,9.799301514055191,fused_in_situ_rs,gradient_boosting,18.786124973238426
station-3,2024-06-26,36.48654793569342,fused_in_situ_rs,gradient_boosting,33.04378810813813
station-3,2024-06-27,8.129811404983203,fused_in_situ_rs,gradient_boosting,19.432925075929077
station-4,2024-05-01,27.60341028525101,fused_in_situ_rs,gradient_boosting,21.583172332129532
station-4,2024-05-02,30.95858739605222,fused_in_situ_rs,gradient_boosting,21.856858602829806
station-4,2024-05-03,26.502768207155583,fused_in_situ_rs,gradient_boosting,23.70846646882614
station-4,2024-05-04,23.250581098763988,fused_in_situ_rs,gradient_boosting,24.89275359096008
station-4,2024-05-05,24.587631852576468,fused_in_situ_rs,gradient_boosting,24.77196647864571
station-4,2024-05-06,31.45486956398574,fused_in_situ_rs,gradient_boosting,24.4700188522214
station-4,2024-05-07,31.70748633963936,fused_in_situ_rs,gradient_boosting,29.064751226527164
station-4,2024-05-08,34.875469528548585,fused_in_situ_rs,gradient_boosting,39.407741110026805
station-4,2024-05-09,27.215905779927255,fused_in_situ_rs,gradient_boosting,26.300134516857653
station-4,2024-05-10,30.105974108003842,fused_in_situ_rs,gradient_boosting,28.288390065891786
station-4,2024-05-11,24.388716679756346,fused_in_situ_rs,gradient_boosting,25.2962645742419
station-4,2024-05-12,26.364866521777856,fused_in_situ_rs,gradient_boosting,24.941724713130675
station-4,2024-05-13,26.2925691316482,fused_in_situ_rs,gradient_boosting,25.7557166173391
station-4,2024-05-14,31.522334570728916,fused_in_situ_rs,gradient_boosting,25.36852140661464
station-4,2024-05-15,34.119201269823165,fused_in_situ_rs,gradient_boosting,29.564453369564607
station-4,2024-05-16,24.81160123412396,fused_in_situ_rs,gradient_boosting,27.18323214181967
station-4,2024-05-17,33.23072902002468,fused_in_situ_rs,gradient_boosting,27.40461269166091
station-4,2024-05-18,32.134489388647914,fused_in_situ_rs,gradient_boosting,26.488622433082934
station-4,2024-05-19,20.951762825990944,fused_in_situ_rs,gradient_boosting,26.302868013496628
station-4,2024-05-20,29.032960651448395,fused_in_situ_rs,gradient_boosting,25.406304329957827
station-4,2024-05-21,31.41050154180279,fused_in_situ_rs,gradient_boosting,26.245583543222345
station-4,2024-05-22,27.2282986622995,fused_in_situ_rs,gradient_boosting,26.892383645912997
station-4,2024-05-23,26.16064264427073,fused_in_situ_rs,gradient_boosting,24.185407648745926
station-4,2024-05-24,32.0866488015461,fused_in_situ_rs,gradient_boosting,23.312082029668495
station-4,2024-05-25,21.56614004526292,fused_in_situ_rs,gradient_boosting,22.680367874149205
station-4,2024-05-26,29.947725414540685,fused_in_situ_rs,gradient_boosting,23.709744154177
station-4,2024-05-27,33.703414494124544,fused_in_situ_rs,gradient_boosting,31.662627984158217
station-4,2024-05-28,25.23595419692755,fused_in_situ_rs,gradient_boosting,25.312614656017296
station-4,2024-05-29,30.637289265025352,fused_in_situ_rs,gradient_boosting,27.44099640777868
station-4,2024-05-30,31.003099630065023,fused_in_situ_rs,gradient_boosting,29.366086385081438
station-4,2024-05-31,48.21508343850458,fused_in_situ_rs,gradient_boosting,41.87990681440962
station-4,2024-06-01,20.830749513443212,fused_in_situ_rs,gradient_boosting,25.05472070029562
station-4,2024-06-02,25.74928081786181,fused_in_situ_rs,gradient_boosting,24.48773997592172
station-4,2024-06-03,35.493291323248336,fused_in_situ_rs,gradient_boosting,31.91415243194194
station-4,2024-06-04,25.452932157164177,fused_in_situ_rs,gradient_boosting,24.779168393307707
station-4,2024-06-05,30.84290393662567,fused_in_situ_rs,gradient_boosting,32.83051310401234
station-4,2024-06-06,28.85872429427067,fused_in_situ_rs,gradient_boosting,24.032662919981924
station-4,2024-06-07,28.064368486587615,fused_in_situ_rs,gradient_boosting,26.510158452551224
station-4,2024-06-08,19.020671729610957,fused_in_situ_rs,gradient_boosting,25.863358349860572
station-4,2024-06-09,38.42894192001227,fused_in_situ_rs,gradient_boosting,48.84591281313311
station-4,2024-06-10,16.478122684716,fused_in_situ_rs,gradient_boosting,25.514388663723025
station-4,2024-06-11,22.104549770703958,fused_in_situ_rs,gradient_boosting,24.165553479425924
station-4,2024-06-12,16.617074947572608,fused_in_situ_rs,gradient_boosting,24.185407648745926
station-4,2024-06-13,13.513932494123026,fused_in_situ_rs,gradient_boosting,21.778152915507448
station-4,2024-06-14,21.344435050985872,fused_in_situ_rs,gradient_boosting,22.483184773931086
station-4,2024-06-15,16.47046725299483,fused_in_situ_rs,gradient_boosting,23.114898929450376
station-4,2024-06-16,11.477114805144334,fused_in_situ_rs,gradient_boosting,22.4249530181981
station-4,2024-06-17,16.801903943942673,fused_in_situ_rs,gradient_boosting,22.4249530181981
station-4,2024-06-21,19.000413032658578,fused_in_situ_rs,gradient_boosting,26.30658232991786
station-4,2024-06-22,15.408316731700166,fused_in_situ_rs,gradient_boosting,24.25804848142047
station-4,2024-06-23,23.74538791621768,fused_in_situ_rs,gradient_boosting,24.395208855475143
station-4,2024-06-24,27.901107098382333,fused_in_situ_rs,gradient_boosting,37.76354264902278
station-4,2024-06-25,21.40267254567589,fused_in_situ_rs,gradient_boosting,24.595520767485546
station-4,2024-06-26,13.60863484650034,fused_in_situ_rs,gradient_boosting,25.242320870176197
station-4,2024-06-27,21.235558911603302,fused_in_situ_rs,gradient_boosting,29.559743394599252
station-5,2024-05-01,30.1791138600378,fused_in_situ_rs,gradient_boosting,25.873074747356156
station-5,2024-05-02,34.14476658589151,fused_in_situ_rs,gradient_boosting,37.804849097150516
station-5,2024-05-03,30.120455199233557,fused_in_situ_rs,gradient_boosting,29.055470738974904
station-5,2024-05-04,32.342635056859464,fused_in_situ_rs,gradient_boosting,32.74010210248113
station-5,2024-05-05,37.57681967689372,fused_in_situ_rs,gradient_boosting,30.746918968190403
station-5,2024-05-06,30.53007457464678,fused_in_situ_rs,gradient_boosting,28.96397808205939
station-5,2024-05-07,31.847971644783385,fused_in_situ_rs,gradient_boosting,32.473692185210176
station-5,2024-05-08,25.54255138971623,fused_in_situ_rs,gradient_boosting,27.473560723491264
station-5,2024-05-09,30.4015024973807,fused_in_situ_rs,gradient_boosting,26.785171386041217
station-5,2024-05-10,29.903712475671735,fused_in_situ_rs,gradient_boosting,26.34208217708456
station-5,2024-05-11,22.103446538659814,fused_in_situ_rs,gradient_boosting,25.41673899518275
station-5,2024-05-12,35.30116332425829,fused_in_situ_rs,gradient_boosting,31.462213642758936
station-5,2024-05-13,32.25511183474325,fused_in_situ_rs,gradient_boosting,30.273100879062586
station-5,2024-05-14,29.469374659144872,fused_in_situ_rs,gradient_boosting,28.5759858721503
station-5,2024-05-15,29.502409823413487,fused_in_situ_rs,gradient_boosting,28.58381406188857
station-5,2024-05-16,32.06345113184187,fused_in_situ_rs,gradient_boosting,29.41121052932863
station-5,2024-05-17,32.07480046642017,fused_in_situ_rs,gradient_boosting,34.368006606327555
station-5,2024-05-18,32.389476845159635,fused_in_situ_rs,gradient_boosting,28.711489994834206
station-5,2024-05-19,42.174316626630905,fused_in_situ_rs,gradient_boosting,40.72207103568302
station-5,2024-05-20,37.09314647005851,fused_in_situ_rs,gradient_boosting,30.016134499338065
station-5,2024-05-21,34.3098091818013,fused_in_situ_rs,gradient_boosting,29.268942097334968
station-5,2024-05-22,27.153943263950634,fused_in_situ_rs,gradient_boosting,28.143472088857898
station-5,2024-05-23,34.69245427902117,fused_in_situ_rs,gradient_boosting,27.07763340997086
station-5,2024-05-24,31.36533517730455,fused_in_situ_rs,gradient_boosting,26.50557223774756
station-5,2024-05-25,26.76218762289202,fused_in_situ_rs,gradient_boosting,27.412111109426093
station-5,2024-05-26,25.27737541076798,fused_in_situ_rs,gradient_boosting,26.570268461063968
station-5,2024-05-27,35.187565506553916,fused_in_situ_rs,gradient_boosting,29.178598168221498
station-5,2024-05-28,33.08785241088588,fused_in_situ_rs,gradient_boosting,26.816113045523
station-5,2024-05-29,29.2077499919183,fused_in_situ_rs,gradient_boosting,26.862558949728662
station-5,2024-05-30,26.496309804528668,fused_in_situ_rs,gradient_boosting,26.146855138843637
station-5,2024-05-31,27.766658994551577,fused_in_situ_rs,gradient_boosting,26.169312942832345
station-5,2024-06-01,33.82392414323331,fused_in_situ_rs,gradient_boosting,36.519608555539165
station-5,2024-06-02,27.86715140030778,fused_in_situ_rs,gradient_boosting,28.890919310484026
station-5,2024-06-03,21.948402696532618,fused_in_situ_rs,gradient_boosting,26.728350977264903
station-5,2024-06-04,30.87417963666101,fused_in_situ_rs,gradient_boosting,31.069724452276063
station-5,2024-06-05,22.58623480471623,fused_in_situ_rs,gradient_boosting,26.408469343616748
station-5,2024-06-06,25.805006558088557,fused_in_situ_rs,gradient_boosting,28.890919310484026
station-5,2024-06-07,36.5586573563566,fused_in_situ_rs,gradient_boosting,36.84105607488328
station-5,2024-06-08,20.77777231057474,fused_in_situ_rs,gradient_boosting,24.512414614043983
station-5,2024-06-09,24.91213602304886,fused_in_situ_rs,gradient_boosting,24.123929942417348
station-5,2024-06-10,26.0965647075012,fused_in_situ_rs,gradient_boosting,24.75564409793664
station-5,2024-06-11,29.818520465167026,fused_in_situ_rs,gradient_boosting,25.40244420062729
station-5,2024-06-12,20.17593292263499,fused_in_situ_rs,gradient_boosting,24.962360949739594
station-5,2024-06-13,31.777208179593533,fused_in_situ_rs,gradient_boosting,30.153702449490165
station-5,2024-06-14,24.613445011517868,fused_in_situ_rs,gradient_boosting,25.39797122457852
station-5,2024-06-15,25.650463466373907,fused_in_situ_rs,gradient_boosting,24.315560847048943
station-5,2024-06-16,25.89152277172611,fused_in_situ_rs,gradient_boosting,24.962360949739594
station-5,2024-06-17,23.91654417753614,fused_in_situ_rs,gradient_boosting,23.443340288181012
station-5,2024-06-18,19.447097959351844,fused_in_situ_rs,gradient_boosting,21.942940207036084
station-5,2024-06-19,18.267367655528204,fused_in_situ_rs,gradient_boosting,20.835049767608385
station-5,2024-06-20,20.411686472958994,fused_in_situ_rs,gradient_boosting,21.466763923127676
station-5,2024-06-21,23.87201304468701,fused_in_situ_rs,gradient_boosting,22.589740309726736
station-5,2024-06-22,18.301605773939748,fused_in_situ_rs,gradient_boosting,25.89278904251887
station-5,2024-06-23,26.379448823616126,fused_in_situ_rs,gradient_boosting,25.24598893982822
station-5,2024-06-24,29.954572030750562,fused_in_situ_rs,gradient_boosting,36.228197624442544
station-5,2024-06-25,18.124351267698664,fused_in_situ_rs,gradient_boosting,26.10262383660696
station-5,2024-06-26,28.635185890041,fused_in_situ_rs,gradient_boosting,26.74942393929761
station-5,2024-06-27,18.692067026135458,fused_in_situ_rs,gradient_boosting,26.992653423190266
station-6,2024-05-01,34.058553750071844,fused_in_situ_rs,gradient_boosting,30.6312239247251
station-6,2024-05-02,41.230370279807964,fused_in_situ_rs,gradient_boosting,34.773971459165864
station-6,2024-05-03,34.52067484833439,fused_in_situ_rs,gradient_boosting,33.419617769836734
station-6,2024-05-04,48.35411583463442,fused_in_situ_rs,gradient_boosting,41.966938919279656
station-6,2024-05-05,33.312742461213716,fused_in_situ_rs,gradient_boosting,30.66483658087034
station-6,2024-05-06,31.87446635977451,fused_in_situ_rs,gradient_boosting,29.499747490692307
station-6,2024-05-07,35.23743537508392,fused_in_situ_rs,gradient_boosting,29.64609043640549
station-6,2024-05-08,36.631394442128176,fused_in_situ_rs,gradient_boosting,30.007597348749663
station-6,2024-05-09,30.79577284456199,fused_in_situ_rs,gradient_boosting,29.31920801129961
station-6,2024-05-10,34.291295857073415,fused_in_situ_rs,gradient_boosting,30.23791897908344
station-6,2024-05-11,33.897948575536105,fused_in_situ_rs,gradient_boosting,29.03639739973501
station-6,2024-05-12,38.274052497471914,fused_in_situ_rs,gradient_boosting,29.966008113990263
station-6,2024-05-13,40.3691632005242,fused_in_situ_rs,gradient_boosting,33.170174093109736
station-6,2024-05-17,37.54653807322373,fused_in_situ_rs,gradient_boosting,29.07773484843455
station-6,2024-05-18,35.12809327240775,fused_in_situ_rs,gradient_boosting,33.03804444344656
station-6,2024-05-19,38.68258126709606,fused_in_situ_rs,gradient_boosting,29.06089661509291
station-6,2024-05-20,40.53571929100112,fused_in_situ_rs,gradient_boosting,31.704855906114194
station-6,2024-05-21,37.024215876904606,fused_in_situ_rs,gradient_boosting,32.52867353196409
station-6,2024-05-22,48.79963117334607,fused_in_situ_rs,gradient_boosting,49.575796086095096
station-6,2024-05-23,38.620804674399494,fused_in_situ_rs,gradient_boosting,40.66314140754288
station-6,2024-05-24,39.66637155541925,fused_in_situ_rs,gradient_boosting,28.23429717135328
station-6,2024-05-25,32.603663645321376,fused_in_situ_rs,gradient_boosting,29.627367493064604
station-6,2024-05-26,42.41446456709032,fused_in_situ_rs,gradient_boosting,37.658052558366066
station-6,2024-05-27,32.75956263180774,fused_in_situ_rs,gradient_boosting,28.88109727404393
station-6,2024-05-28,38.711849094433184,fused_in_situ_rs,gradient_boosting,36.03616378778897
station-6,2024-05-29,31.927491829355933,fused_in_situ_rs,gradient_boosting,25.01630702233963
station-6,2024-05-30,24.02202083539583,fused_in_situ_rs,gradient_boosting,24.25383884344953
station-6,2024-05-31,29.642885830274224,fused_in_situ_rs,gradient_boosting,24.722255891708027
station-6,2024-06-01,31.342257331989707,fused_in_situ_rs,gradient_boosting,25.36905599439868
station-6,2024-06-02,27.161990798100724,fused_in_situ_rs,gradient_boosting,29.370195336311326
station-6,2024-06-03,34.6298990164144,fused_in_situ_rs,gradient_boosting,28.723395233620675
station-6,2024-06-04,33.814142250160806,fused_in_situ_rs,gradient_boosting,34.26142252519071
station-6,2024-06-05,31.457085221496467,fused_in_situ_rs,gradient_boosting,28.723395233620675
station-6,2024-06-06,41.796472970276255,fused_in_situ_rs,gradient_boosting,33.345312970412394
station-6,2024-06-07,41.456775426372516,fused_in_situ_rs,gradient_boosting,44.673708809976404
station-6,2024-06-08,36.04260107754721,fused_in_situ_rs,gradient_boosting,26.35499592834486
station-6,2024-06-09,26.603798213615605,fused_in_situ_rs,gradient_boosting,24.710098770796517
station-6,2024-06-10,31.043817727600267,fused_in_situ_rs,gradient_boosting,25.239219642413897
station-6,2024-06-11,25.852580869858027,fused_in_situ_rs,gradient_boosting,25.23992152369212
station-6,2024-06-12,36.649000723396426,fused_in_situ_rs,gradient_boosting,36.992127220690335
station-6,2024-06-16,26.894298125151835,fused_in_situ_rs,gradient_boosting,27.64036265547152
station-6,2024-06-17,21.31533439843601,fused_in_situ_rs,gradient_boosting,28.411314310453115
station-6,2024-06-18,25.19314257729431,fused_in_situ_rs,gradient_boosting,27.764514207762463
station-6,2024-06-19,30.23239940273947,fused_in_situ_rs,gradient_boosting,40.733264225126696
station-6,2024-06-20,28.85221452516712,fused_in_situ_rs,gradient_boosting,27.764514207762463
station-6,2024-06-21,23.72031512512497,fused_in_situ_rs,gradient_boosting,28.28705962724115
station-6,2024-06-22,28.36357187638192,fused_in_situ_rs,gradient_boosting,27.64036265547152
